worker_1046,worker_1047,worker_1048,worker_1049,worker_1050
Nada,Nada,Nada,Nada,Nada
Nada,Nada,Nada,Nada,Nada
Nada,Nada,Nada,Nada,Nada
Nada,Nada,Nada,Nada,Nada
Nada,Nada,Nada,Nada,Nada
Nada,Nada,Nada,Nada,Nada
Nada,Nada,Nada,Nada,Nada
Nada,Nada,Nada,Nada,Nada
Nada,Nada,Nada,Nada,Nada
Nada,Nada,Nada,Nada,Nada
Nada,Nada,Nada,Nada,Nada
Nada,Nada,Nada,Nada,Nada
Nada,Nada,Nada,Nada,Nada
Nada,Nada,Nada,Nada,Nada
Nada,Nada,Nada,Nada,Nada
Nada,Nada,Nada,Nada,Nada
Almuerza,Nada,Nada,Almuerza,Almuerza
Almuerza,Nada,Nada,Almuerza,Almuerza
Almuerza,Nada,Nada,Almuerza,Almuerza
Almuerza,Nada,Nada,Almuerza,Almuerza
Almuerza,Nada,Nada,Almuerza,Almuerza
Almuerza,Almuerza,Almuerza,Almuerza,Almuerza
Nada,Almuerza,Almuerza,Nada,Nada
Nada,Almuerza,Almuerza,Nada,Nada
Nada,Almuerza,Almuerza,Nada,Nada
Nada,Almuerza,Almuerza,Nada,Nada
Nada,Almuerza,Almuerza,Nada,Nada
Nada,Nada,Nada,Nada,Nada
Nada,Nada,Nada,Nada,Nada
Nada,Nada,Nada,Nada,Nada
Nada,Nada,Nada,Nada,Nada
Nada,Nada,Nada,Nada,Nada
Nada,Nada,Nada,Nada,Nada
Nada,Nada,Nada,Nada,Nada
Nada,Nada,Nada,Nada,Nada
Nada,Nada,Nada,Nada,Nada
Nada,Nada,Nada,Nada,Nada
Nada,Nada,Nada,Nada,Nada
Nada,Nada,Nada,Nada,Nada
Nada,Nada,Nada,Nada,Nada
Nada,Nada,Nada,Nada,Nada
Nada,Nada,Nada,Nada,Nada
Nada,Nada,Nada,Nada,Nada
Nada,Nada,Nada,Nada,Nada
Nada,Nada,Nada,Nada,Nada
Nada,Nada,Nada,Nada,Nada
Nada,Nada,Nada,Nada,Nada
Nada,Nada,Nada,Nada,Nada
Nada,Nada,Nada,Nada,Nada
